meeting_id,speaker,start_time,end_time,duration,segment_id,next_speaker,prev_speaker,time_to_next,time_from_prev,is_turn_change,has_overlap,overlap_duration,overlapping_speakers,new_turn,words_ref,word_count,class,gloss
IS1007a,B,42.37,42.77,0.4,IS1007a.B.dialog-act.s9553330.1,,,,,,,,,False, Hmm.,1,minor,Backchannel
IS1007a,C,48.447,49.877,1.43,IS1007a.C.dialog-act.s9553330.1,,,,,,,,,False,,0,minor,Fragment
IS1007a,A,72.45,74.15,1.7,IS1007a.A.dialog-act.s9553330.4,,,,,,,,,False, Good morning everybody.,3,other,Be-Positive
IS1007a,C,73.885,77.696,3.811,IS1007a.C.dialog-act.s9553330.7,,,,,,,,,False, Good morning.,2,other,Be-Positive
IS1007a,B,75.158,77.15,1.992,IS1007a.B.dialog-act.s9553330.5,,,,,,,,,False, Good morning.,2,other,Be-Positive
IS1007a,D,75.16,75.7,0.54,IS1007a.D.dialog-act.s9553330.1,,,,,,,,,False, Good morning.,2,other,Be-Positive
IS1007a,A,75.593,77.036,1.443,IS1007a.A.dialog-act.s9553330.1,,,,,,,,,False,,0,minor,Fragment
IS1007a,A,77.65,90.66,13.01,IS1007a.A.dialog-act.s9553330.5,A,,1.59,,True,False,0.0,[],False," So, we are asked to to make uh uh a new remote control for television.",15,task,Inform
IS1007a,A,92.25,108.83,16.58,IS1007a.A.dialog-act.s9553330.6,A,A,1.11,1.59,False,False,0.0,[],False, And the characteristics of this new remote control should be original and trendy and of course user user friendly.,19,task,Inform
IS1007a,A,109.94,115.63,5.69,IS1007a.A.dialog-act.s9553330.7,C,A,22.67,1.11,False,False,0.0,[],False, So people can can use it without any any problem.,10,task,Inform
IS1007a,B,116.079,118.016,1.937,IS1007a.B.dialog-act.s9553330.2,,,,,,,,,False,,0,minor,Fragment
IS1007a,A,122.608,127.844,5.236,IS1007a.A.dialog-act.s9553330.2,,,,,,,,,False,.,0,minor,Fragment
IS1007a,C,133.232,133.472,0.24,IS1007a.C.dialog-act.s9553330.2,,,,,,,,,False,,0,minor,Fragment
IS1007a,A,134.64,135.53,0.89,IS1007a.A.dialog-act.s9553330.8,,,,,,,,,False, I don't know.,3,other,Other
IS1007a,C,134.657,137.215,2.558,IS1007a.C.dialog-act.s9553330.3,,,,,,,,,False,,0,minor,Fragment
IS1007a,B,136.048,138.144,2.096,IS1007a.B.dialog-act.s9553330.3,,,,,,,,,False,,0,minor,Fragment
IS1007a,A,136.063,138.499,2.436,IS1007a.A.dialog-act.s9553330.3,,,,,,,,,False,,0,minor,Fragment
IS1007a,C,138.3,144.24,5.94,IS1007a.C.dialog-act.s9553330.8,B,A,-0.19,22.67,True,True,0.19,['IS1007a.B.dialog-act.s9553330.7'],True," Well, I think we should set the the points to to drive the project and uh",16,task,Suggest
IS1007a,B,142.78,143.1,0.32,IS1007a.B.dialog-act.s9553330.6,,,,,,,,,False, Mm.,1,minor,Backchannel
IS1007a,B,144.05,146.21,2.16,IS1007a.B.dialog-act.s9553330.7,A,C,3.33,-0.19,True,False,0.0,[],False, B did you send us an email about this?,9,elicit,Elicit-Inform
IS1007a,B,146.711,149.107,2.396,IS1007a.B.dialog-act.s9553330.4,,,,,,,,,False,,0,minor,Fragment
IS1007a,A,146.86,149.54,2.68,IS1007a.A.dialog-act.s9553330.9,,,,,,,,,False," Uh, not yet,",3,task,Inform
IS1007a,C,147.15,149.255,2.105,IS1007a.C.dialog-act.s9553330.4,,,,,,,,,False,,0,minor,Fragment
IS1007a,A,149.54,150.703,1.163,IS1007a.A.dialog-act.s9553330.10,B,B,-0.953,3.33,True,True,0.953,['IS1007a.B.dialog-act.s9553330.8'],True, but if you want,4,other,Offer
IS1007a,B,149.75,154.954,5.204,IS1007a.B.dialog-act.s9553330.8,A,A,-0.434,-0.953,True,True,0.434,['IS1007a.A.dialog-act.s9553330.11'],False," Yeah, we we received an email about this uh d designs.",11,task,Inform
IS1007a,A,154.52,157.04,2.52,IS1007a.A.dialog-act.s9553330.11,D,B,4.75,-0.434,True,False,0.0,[],False, Do you want do you want me to send you a mail?,12,other,Offer
IS1007a,C,155.451,158.784,3.333,IS1007a.C.dialog-act.s9553330.5,,,,,,,,,False,,0,minor,Fragment
IS1007a,B,157.504,162.608,5.104,IS1007a.B.dialog-act.s9553330.9,,,,,,,,,False, Ah it's Okay.,3,task,Assess
IS1007a,A,158.168,159.36,1.192,IS1007a.A.dialog-act.s9553330.12,,,,,,,,,False, Or,1,minor,Fragment
IS1007a,C,160.642,162.917,2.275,IS1007a.C.dialog-act.s9553330.6,,,,,,,,,False,,0,minor,Fragment
IS1007a,D,161.79,164.14,2.35,IS1007a.D.dialog-act.s9553330.2,B,A,0.22,4.75,True,False,0.0,[],True, Or you can put it in the shared folder.,9,task,Suggest
IS1007a,B,164.1,164.36,0.26,IS1007a.B.dialog-act.s9553330.10,,,,,,,,,False," Yeah,",1,task,Assess
IS1007a,B,164.36,165.49,1.13,IS1007a.B.dialog-act.s9553330.11,D,D,2.49,0.22,True,False,0.0,[],True, you see the email?,4,elicit,Elicit-Inform
IS1007a,B,165.49,166.26,0.77,IS1007a.B.dialog-act.s9553330.12,,,,,,,,,False, You email.,2,minor,Fragment
IS1007a,B,166.26,166.92,0.66,IS1007a.B.dialog-act.s9553330.13,,,,,,,,,False, The v very,3,minor,Fragment
IS1007a,B,166.92,167.71,0.79,IS1007a.B.dialog-act.s9553330.14,,,,,,,,,False," no, no",2,task,Assess
IS1007a,B,167.71,170.21,2.5,IS1007a.B.dialog-act.s9553330.15,,,,,,,,,False, the first one.,3,task,Inform
IS1007a,D,167.98,168.96,0.98,IS1007a.D.dialog-act.s9553330.3,B,B,8.56,2.49,True,False,0.0,[],True," No, I didn't get it.",5,task,Inform
IS1007a,B,170.21,170.79,0.58,IS1007a.B.dialog-act.s9553330.16,,,,,,,,,False, It's inside.,2,task,Inform
IS1007a,A,171.54,172.176,0.636,IS1007a.A.dialog-act.s9553330.13,,,,,,,,,False, Uh,1,minor,Backchannel
IS1007a,D,172.64,173.57,0.93,IS1007a.D.dialog-act.s9553330.4,,,,,,,,,False, This one.,2,task,Suggest
IS1007a,B,173.32,174.8,1.48,IS1007a.B.dialog-act.s9553330.17,,,,,,,,,False," No, no.",2,task,Assess
IS1007a,D,173.57,173.88,0.31,IS1007a.D.dialog-act.s9553330.5,,,,,,,,,False, No.,1,task,Assess
IS1007a,B,174.8,175.31,0.51,IS1007a.B.dialog-act.s9553330.18,,,,,,,,,False, The third one.,3,task,Inform
IS1007a,B,177.52,178.51,0.99,IS1007a.B.dialog-act.s9553330.19,B,D,7.9,8.56,True,False,0.0,[],True," Oh, you didn't get anything.",5,task,Assess
IS1007a,D,179.43,180.1,0.67,IS1007a.D.dialog-act.s9553330.6,,,,,,,,,False," No,.",1,task,Assess
IS1007a,B,180.46,181.17,0.71,IS1007a.B.dialog-act.s9553330.20,,,,,,,,,False, It's strange.,2,task,Assess
IS1007a,B,182.503,186.41,3.907,IS1007a.B.dialog-act.s9553330.21,,,,,,,,,False, Mm.,1,minor,Fragment
IS1007a,B,186.41,190.33,3.92,IS1007a.B.dialog-act.s9553330.22,B,B,2.46,7.9,False,False,0.0,[],False, I got an email about the dis about the discussion. Yeah.,11,task,Inform
IS1007a,A,186.537,187.271,0.734,IS1007a.A.dialog-act.s9553330.14,,,,,,,,,False,.,0,minor,Fragment
IS1007a,A,191.27,194.939,3.669,IS1007a.A.dialog-act.s9553330.15,,,,,,,,,False," You get email,.",3,elicit,Elicit-Inform
IS1007a,B,192.79,195.37,2.58,IS1007a.B.dialog-act.s9553330.23,C,B,-1.45,2.46,False,True,1.45,['IS1007a.C.dialog-act.s9553330.9'],False, I dunno from who.,4,task,Inform
IS1007a,D,193.539,197.195,3.656,IS1007a.D.dialog-act.s9553330.7,,,,,,,,,False,,0,minor,Fragment
IS1007a,C,193.92,195.5,1.58,IS1007a.C.dialog-act.s9553330.9,B,B,-0.13,-1.45,True,True,0.13,['IS1007a.B.dialog-act.s9553330.24'],False," Yeah, from the account manager.",5,task,Inform
IS1007a,B,195.37,196.24,0.87,IS1007a.B.dialog-act.s9553330.24,B,C,0.0,-0.13,True,False,0.0,[],False, From the account manager.,4,task,Inform
IS1007a,B,196.24,198.31,2.07,IS1007a.B.dialog-act.s9553330.25,D,B,0.91,0.0,False,False,0.0,[],False," You have received the same email, right?",7,elicit,Elicit-Inform
IS1007a,C,197.53,197.81,0.28,IS1007a.C.dialog-act.s9553330.10,,,,,,,,,False, Yeah.,1,task,Inform
IS1007a,B,198.31,198.62,0.31,IS1007a.B.dialog-act.s9553330.26,,,,,,,,,False, Yeah.,1,minor,Backchannel
IS1007a,D,199.22,205.21,5.99,IS1007a.D.dialog-act.s9553330.8,C,B,0.29,0.91,True,False,0.0,[],True, I think it's for your guys to how to design it all the aspects so you need that information.,19,task,Inform
IS1007a,B,204.31,204.66,0.35,IS1007a.B.dialog-act.s9553330.27,,,,,,,,,False, Yeah.,1,minor,Backchannel
IS1007a,C,205.5,206.29,0.79,IS1007a.C.dialog-act.s9553330.11,B,D,0.5,0.29,True,False,0.0,[],True," Yeah, I think so.",4,task,Assess
IS1007a,B,206.79,208.78,1.99,IS1007a.B.dialog-act.s9553330.28,D,C,0.93,0.5,True,False,0.0,[],True," Yeah, so each of us has a role to do.",10,task,Inform
IS1007a,D,208.76,209.71,0.95,IS1007a.D.dialog-act.s9553330.9,,,,,,,,,False, Yeah,1,task,Assess
IS1007a,A,209.44,209.65,0.21,IS1007a.A.dialog-act.s9553330.16,,,,,,,,,False, S,1,minor,Fragment
IS1007a,D,209.71,212.18,2.47,IS1007a.D.dialog-act.s9553330.10,B,B,0.0,0.93,True,False,0.0,[],True, I think assign your uh roles.,6,task,Suggest
IS1007a,B,210.23,210.999,0.769,IS1007a.B.dialog-act.s9553330.29,,,,,,,,,False, In each,2,minor,Fragment
IS1007a,B,212.18,213.17,0.99,IS1007a.B.dialog-act.s9553330.30,A,D,-0.78,0.0,True,True,0.78,['IS1007a.A.dialog-act.s9553330.17'],False, We already have our role.,5,task,Inform
IS1007a,A,212.39,213.88,1.49,IS1007a.A.dialog-act.s9553330.17,D,B,-0.59,-0.78,True,True,0.59,['IS1007a.D.dialog-act.s9553330.11'],False, For each for each one.,5,task,Inform
IS1007a,D,213.29,214.56,1.27,IS1007a.D.dialog-act.s9553330.11,B,A,2.53,-0.59,True,False,0.0,[],False," For each person, yeah.",4,task,Assess
IS1007a,B,214.019,215.968,1.949,IS1007a.B.dialog-act.s9553330.31,,,,,,,,,False," 'Kay, we can",3,minor,Fragment
IS1007a,A,216.28,216.8,0.52,IS1007a.A.dialog-act.s9553330.18,,,,,,,,,False, So there are,3,minor,Fragment
IS1007a,A,216.8,218.28,1.48,IS1007a.A.dialog-act.s9553330.19,,,,,,,,,False, so we have three,4,minor,Fragment
IS1007a,B,217.09,219.36,2.27,IS1007a.B.dialog-act.s9553330.32,A,D,-0.34,2.53,True,True,0.34,['IS1007a.A.dialog-act.s9553330.21'],True," So there are three kinds of designs, that's all.",9,task,Inform
IS1007a,A,218.28,219.02,0.74,IS1007a.A.dialog-act.s9553330.20,,,,,,,,,False, f yeah.,2,task,Assess
IS1007a,A,219.02,223.31,4.29,IS1007a.A.dialog-act.s9553330.21,A,B,0.9,-0.34,True,False,0.0,[],False," We have functional design, conceptual design, and detail design.",9,task,Inform
IS1007a,B,221.92,224.032,2.112,IS1007a.B.dialog-act.s9553330.33,,,,,,,,,False," Okay, alright.",2,task,Assess
IS1007a,A,224.21,228.94,4.73,IS1007a.A.dialog-act.s9553330.22,C,A,2.43,0.9,False,False,0.0,[],False," So, who will be the the responsible for the functional design?",11,elicit,Elicit-Inform
IS1007a,C,228.886,230.295,1.409,IS1007a.C.dialog-act.s9553330.12,,,,,,,,,False,,0,minor,Fragment
IS1007a,A,228.94,230.62,1.68,IS1007a.A.dialog-act.s9553330.23,,,,,,,,,False, Any any volunteer?,3,elicit,Elicit-Offer-Or-Suggestion
IS1007a,C,231.37,237.97,6.6,IS1007a.C.dialog-act.s9553330.13,B,A,1.91,2.43,True,False,0.0,[],True, I think our uh responsibilities will be assigned when we in our mail we received from the account manager.,19,task,Inform
IS1007a,B,235.302,237.77,2.468,IS1007a.B.dialog-act.s9553330.34,,,,,,,,,False," Yeah, yeah.",2,task,Assess
IS1007a,C,239.36,239.61,0.25,IS1007a.C.dialog-act.s9553330.14,,,,,,,,,False, Uh,1,minor,Backchannel
IS1007a,B,239.88,240.81,0.93,IS1007a.B.dialog-act.s9553330.35,A,C,0.77,1.91,True,False,0.0,[],True, I'm doing the interface.,4,task,Inform
IS1007a,A,241.58,242.12,0.54,IS1007a.A.dialog-act.s9553330.25,C,B,0.3,0.77,True,False,0.0,[],True, You are doing th,4,other,Comment-About-Understanding
IS1007a,C,242.21,242.42,0.21,IS1007a.C.dialog-act.s9553330.15,,,,,,,,,False," No,",1,task,Assess
IS1007a,C,242.42,245.616,3.196,IS1007a.C.dialog-act.s9553330.16,B,A,0.644,0.3,True,False,0.0,[],True, I'm doing the interface.,4,task,Inform
IS1007a,A,243.501,244.346,0.845,IS1007a.A.dialog-act.s9553330.24,,,,,,,,,False,.,0,minor,Fragment
IS1007a,B,246.26,248.592,2.332,IS1007a.B.dialog-act.s9553330.37,C,C,-1.542,0.644,True,True,1.286,['IS1007a.C.dialog-act.s9553330.17'],True, Are you using the you are doing the in,9,elicit,Elicit-Inform
IS1007a,C,247.05,248.336,1.286,IS1007a.C.dialog-act.s9553330.17,C,B,5.544,-1.542,True,False,0.0,[],False, Yeah I I'm I'm,4,task,Inform
IS1007a,C,251.3,253.88,2.58,IS1007a.C.dialog-act.s9553330.18,,,,,,,,,False," Well, maybe we have",4,minor,Fragment
IS1007a,C,253.88,256.19,2.31,IS1007a.C.dialog-act.s9553330.19,C,C,1.15,5.544,False,False,0.0,[],False, okay so I industrial design.,5,task,Inform
IS1007a,C,257.34,260.77,3.43,IS1007a.C.dialog-act.s9553330.20,A,C,1.67,1.15,False,False,0.0,[],False, It was a little confusion about my uh,8,task,Inform
IS1007a,B,260.48,261.372,0.892,IS1007a.B.dialog-act.s9553330.38,,,,,,,,,False, Ah,1,minor,Backchannel
IS1007a,A,260.765,261.348,0.583,IS1007a.A.dialog-act.s9553330.26,,,,,,,,,False,,0,minor,Fragment
IS1007a,C,260.77,261.39,0.62,IS1007a.C.dialog-act.s9553330.21,,,,,,,,,False, but it's alright.,3,task,Assess
IS1007a,B,262.28,262.64,0.36,IS1007a.B.dialog-act.s9553330.39,,,,,,,,,False, Okay.,1,minor,Backchannel
IS1007a,A,262.44,265.04,2.6,IS1007a.A.dialog-act.s9553330.27,A,C,4.88,1.67,True,False,0.0,[],True," Okay, I'll for industrial design.",5,task,Inform
IS1007a,C,264.72,264.94,0.22,IS1007a.C.dialog-act.s9553330.22,,,,,,,,,False, Yeah.,1,task,Assess
IS1007a,A,267.02,267.94,0.92,IS1007a.A.dialog-act.s9553330.28,,,,,,,,,False, Okay.,1,minor,Backchannel
IS1007a,A,269.92,273.53,3.61,IS1007a.A.dialog-act.s9553330.29,B,A,1.98,4.88,False,False,0.0,[],False, And and you Norman?,4,elicit,Elicit-Inform
IS1007a,B,274.3,275.51,1.21,IS1007a.B.dialog-act.s9553330.40,,,,,,,,,False, Mm?,1,minor,Backchannel
IS1007a,B,275.51,282.473,6.963,IS1007a.B.dialog-act.s9553330.41,D,A,15.477,1.98,True,False,0.0,[],True, Um working on i. User interface.,6,task,Inform
IS1007a,C,279.12,279.26,0.14,IS1007a.C.dialog-act.s9553330.23,,,,,,,,,False, User.,1,task,Inform
IS1007a,A,286.61,287.709,1.099,IS1007a.A.dialog-act.s9553330.30,,,,,,,,,False, And,1,elicit,Elicit-Inform
IS1007a,A,295.89,296.272,0.382,IS1007a.A.dialog-act.s9553330.31,,,,,,,,,False, And,1,elicit,Elicit-Inform
IS1007a,D,297.95,301.92,3.97,IS1007a.D.dialog-act.s9553330.12,D,B,0.2,15.477,True,False,0.0,[],True," Uh, I'm into marketing.",4,task,Inform
IS1007a,A,300.092,301.87,1.778,IS1007a.A.dialog-act.s9553330.32,,,,,,,,,False, doing the marketing.,3,other,Comment-About-Understanding
IS1007a,D,301.92,302.12,0.2,IS1007a.D.dialog-act.s9553330.13,,,,,,,,,False, yeah,1,task,Assess
IS1007a,D,302.12,303.98,1.86,IS1007a.D.dialog-act.s9553330.14,A,D,1.61,0.2,False,False,0.0,[],False, nothing much in the project.,5,task,Inform
IS1007a,A,305.59,307.12,1.53,IS1007a.A.dialog-act.s9553330.33,D,D,0.15,1.61,True,False,0.0,[],True, Nothing related here to the,5,elicit,Elicit-Inform
IS1007a,D,307.27,309.43,2.16,IS1007a.D.dialog-act.s9553330.15,D,A,0.0,0.15,True,False,0.0,[],True, Marketing in this design.,4,task,Inform
IS1007a,D,309.43,312.45,3.02,IS1007a.D.dialog-act.s9553330.16,B,D,5.84,0.0,False,False,0.0,[],False, A design is basically for industrial design and the user interface.,11,task,Inform
IS1007a,B,309.61,309.95,0.34,IS1007a.B.dialog-act.s9553330.42,,,,,,,,,False, Yes.,1,minor,Backchannel
IS1007a,A,312.926,313.479,0.553,IS1007a.A.dialog-act.s9553330.34,,,,,,,,,False,,0,minor,Fragment
IS1007a,B,318.29,319.22,0.93,IS1007a.B.dialog-act.s9553330.43,B,D,9.45,5.84,True,False,0.0,[],True, You see the second mail?,5,task,Suggest
IS1007a,B,322.05,323.44,1.39,IS1007a.B.dialog-act.s9553330.46,,,,,,,,,False," Yeah, it's inside.",3,task,Inform
IS1007a,B,323.44,323.81,0.37,IS1007a.B.dialog-act.s9553330.44,,,,,,,,,False, Go down.,2,task,Suggest
IS1007a,B,326.77,327.36,0.59,IS1007a.B.dialog-act.s9553330.45,,,,,,,,,False, Appendix.,1,task,Inform
IS1007a,D,328.09,329.33,1.24,IS1007a.D.dialog-act.s9553330.17,,,,,,,,,False," Yeah, this is.",3,minor,Fragment
IS1007a,B,328.67,330.06,1.39,IS1007a.B.dialog-act.s9553330.47,B,B,1.35,9.45,False,False,0.0,[],False, See there's a role for everybody.,6,task,Inform
IS1007a,D,330.3,331.13,0.83,IS1007a.D.dialog-act.s9553330.18,,,,,,,,,False," Yeah, that's right,",3,task,Assess
IS1007a,D,331.13,331.73,0.6,IS1007a.D.dialog-act.s9553330.19,,,,,,,,,False, first.,1,minor,Fragment
IS1007a,B,331.41,332.46,1.05,IS1007a.B.dialog-act.s9553330.48,B,B,3.12,1.35,False,False,0.0,[],False, Even for the marketing.,4,task,Inform
IS1007a,D,332.978,335.57,2.592,IS1007a.D.dialog-act.s9553330.20,,,,,,,,,False, us user define.,3,minor,Fragment
IS1007a,A,335.48,337.54,2.06,IS1007a.A.dialog-act.s9553330.35,,,,,,,,,False, Next.,1,minor,Fragment
IS1007a,B,335.58,337.95,2.37,IS1007a.B.dialog-act.s9553330.49,D,B,5.02,3.12,False,False,0.0,[],False," But look at your role, your marketing role.",8,task,Suggest
IS1007a,D,342.97,344.08,1.11,IS1007a.D.dialog-act.s9553330.21,C,B,2.21,5.02,True,False,0.0,[],True, There's a trend watching.,4,task,Inform
IS1007a,A,343.86,346.27,2.41,IS1007a.A.dialog-act.s9553330.36,,,,,,,,,False, I don't know.,3,task,Inform
IS1007a,B,344.16,344.66,0.5,IS1007a.B.dialog-act.s9553330.50,,,,,,,,,False," Yeah,",1,task,Assess
IS1007a,B,344.66,345.97,1.31,IS1007a.B.dialog-act.s9553330.51,,,,,,,,,False, that's your role.,3,task,Inform
IS1007a,A,346.27,347.23,0.96,IS1007a.A.dialog-act.s9553330.37,,,,,,,,,False, I.,1,minor,Fragment
IS1007a,C,346.29,353.28,6.99,IS1007a.C.dialog-act.s9553330.24,C,D,0.0,2.21,True,False,0.0,[],True," Well, I think we can have a little discussion about what has to be done",15,task,Suggest
IS1007a,C,353.28,356.688,3.408,IS1007a.C.dialog-act.s9553330.25,A,C,-1.178,0.0,False,True,1.114,['IS1007a.A.dialog-act.s9553330.38'],False, and what are your ideas about the,7,task,Suggest
IS1007a,A,353.587,354.153,0.566,IS1007a.A.dialog-act.s9553330.39,,,,,,,,,False,,0,minor,Fragment
IS1007a,A,355.51,356.624,1.114,IS1007a.A.dialog-act.s9553330.38,A,C,1.186,-1.178,True,False,0.0,[],False, About the design or,4,task,Suggest
IS1007a,A,357.81,360.21,2.4,IS1007a.A.dialog-act.s9553330.40,C,A,4.42,1.186,False,False,0.0,[],False," Maybe we'll discuss this later, no?",6,task,Suggest
IS1007a,C,364.63,370.13,5.5,IS1007a.C.dialog-act.s9553330.26,C,A,1.8,4.42,True,False,0.0,[],True," Well, w we want to have a new re remote control for for T_V_ distribution I guess.",17,task,Inform
IS1007a,A,371.27,371.54,0.27,IS1007a.A.dialog-act.s9553330.41,,,,,,,,,False, Mm-hmm.,1,task,Assess
IS1007a,C,371.93,377.93,6.0,IS1007a.C.dialog-act.s9553330.27,C,C,1.55,1.8,False,False,0.0,[],False, So we have to plan how how it would be developed and uh,13,task,Inform
IS1007a,D,376.45,376.68,0.23,IS1007a.D.dialog-act.s9553330.22,,,,,,,,,False, Yeah.,1,task,Assess
IS1007a,B,376.7,376.99,0.29,IS1007a.B.dialog-act.s9553330.52,,,,,,,,,False, Mm.,1,minor,Backchannel
IS1007a,C,379.48,381.02,1.54,IS1007a.C.dialog-act.s9553330.28,D,C,1.3,1.55,False,False,0.0,[],False, how we can make it work.,6,task,Inform
IS1007a,B,381.65,381.98,0.33,IS1007a.B.dialog-act.s9553330.53,,,,,,,,,False, Yes.,1,task,Assess
IS1007a,D,382.32,384.19,1.87,IS1007a.D.dialog-act.s9553330.23,D,C,0.0,1.3,True,False,0.0,[],True, I mean working remotes we already have.,7,task,Inform
IS1007a,D,384.19,389.71,5.52,IS1007a.D.dialog-act.s9553330.24,A,D,1.09,0.0,False,False,0.0,[],False, This will be something different from the other remotes remote controls.,11,task,Inform
IS1007a,C,388.485,389.237,0.752,IS1007a.C.dialog-act.s9553330.29,,,,,,,,,False,,0,minor,Fragment
IS1007a,C,390.66,391.664,1.004,IS1007a.C.dialog-act.s9553330.31,,,,,,,,,False," Yeah, I dunno I",4,minor,Fragment
IS1007a,A,390.8,397.85,7.05,IS1007a.A.dialog-act.s9553330.42,A,D,0.0,1.09,True,False,0.0,[],True, What we we have to keep in mind the these characteristics.,11,task,Inform
IS1007a,A,397.85,400.83,2.98,IS1007a.A.dialog-act.s9553330.43,C,A,7.074,0.0,False,False,0.0,[],False, And of course it should not be very costly.,9,task,Inform
IS1007a,D,401.24,401.95,0.71,IS1007a.D.dialog-act.s9553330.25,,,,,,,,,False," Yeah, that's right.",3,task,Assess
IS1007a,A,401.92,402.592,0.672,IS1007a.A.dialog-act.s9553330.44,,,,,,,,,False, So,1,minor,Fragment
IS1007a,C,402.512,405.07,2.558,IS1007a.C.dialog-act.s9553330.32,,,,,,,,,False, Yeah.,1,minor,Backchannel
IS1007a,B,405.96,406.28,0.32,IS1007a.B.dialog-act.s9553330.54,,,,,,,,,False, Mm-hmm.,1,minor,Backchannel
IS1007a,C,407.904,416.14,8.236,IS1007a.C.dialog-act.s9553330.33,C,A,0.0,7.074,True,False,0.0,[],True, Well I I think that Norman and I would think about um the technical points,15,task,Inform
IS1007a,C,416.14,419.91,3.77,IS1007a.C.dialog-act.s9553330.34,B,C,1.21,0.0,False,False,0.0,[],False," and um we should discuss it in the next meeting, or",11,task,Suggest
IS1007a,B,421.12,424.752,3.632,IS1007a.B.dialog-act.s9553330.55,B,C,5.792,1.21,True,False,0.0,[],True, Need to collect information.,4,task,Inform
IS1007a,C,422.76,423.84,1.08,IS1007a.C.dialog-act.s9553330.35,,,,,,,,,False, Yeah.,1,task,Assess
IS1007a,A,425.18,426.3,1.12,IS1007a.A.dialog-act.s9553330.45,,,,,,,,,False, About the,2,minor,Fragment
IS1007a,A,426.3,426.86,0.56,IS1007a.A.dialog-act.s9553330.46,,,,,,,,,False, about what?,2,elicit,Elicit-Inform
IS1007a,B,427.46,428.03,0.57,IS1007a.B.dialog-act.s9553330.56,,,,,,,,,False, Um.,1,minor,Stall
IS1007a,B,430.544,433.89,3.346,IS1007a.B.dialog-act.s9553330.57,B,B,1.06,5.792,False,False,0.0,[],False," I I'm part of design, perhaps.",6,task,Inform
IS1007a,B,434.95,439.61,4.66,IS1007a.B.dialog-act.s9553330.58,B,B,1.31,1.06,False,False,0.0,[],False," Uh, what is most important in a in a remote control?",11,task,Inform
IS1007a,B,440.92,442.96,2.04,IS1007a.B.dialog-act.s9553330.59,A,B,3.81,1.31,False,False,0.0,[],False, What is the most important function aspect?,7,task,Inform
IS1007a,B,445.85,446.05,0.2,IS1007a.B.dialog-act.s9553330.60,,,,,,,,,False, Uh.,1,minor,Backchannel
IS1007a,A,446.77,451.936,5.166,IS1007a.A.dialog-act.s9553330.47,C,B,0.004,3.81,True,False,0.0,[],True, You mean the external or,5,elicit,Elicit-Inform
IS1007a,C,451.94,454.61,2.67,IS1007a.C.dialog-act.s9553330.36,A,A,-0.776,0.004,True,True,0.776,['IS1007a.A.dialog-act.s9553330.48'],True," Well, you have to make it work.",7,task,Inform
IS1007a,A,453.834,456.28,2.446,IS1007a.A.dialog-act.s9553330.48,C,C,-1.67,-0.776,True,True,1.67,['IS1007a.C.dialog-act.s9553330.37'],False, Yeah of g of course.,5,task,Assess
IS1007a,B,453.968,456.29,2.322,IS1007a.B.dialog-act.s9553330.61,,,,,,,,,False, That's alright.,2,task,Assess
IS1007a,C,454.61,457.89,3.28,IS1007a.C.dialog-act.s9553330.37,B,A,-0.54,-1.67,True,True,0.54,['IS1007a.B.dialog-act.s9553330.62'],False, That's the that's the big thing.,6,task,Inform
IS1007a,B,457.35,459.39,2.04,IS1007a.B.dialog-act.s9553330.62,C,C,2.37,-0.54,True,False,0.0,[],False," Yeah, it should be easy to work with.",8,task,Inform
IS1007a,A,457.823,458.541,0.718,IS1007a.A.dialog-act.s9553330.49,,,,,,,,,False,,0,minor,Fragment
IS1007a,C,459.77,460.13,0.36,IS1007a.C.dialog-act.s9553330.38,,,,,,,,,False, Yeah.,1,task,Assess
IS1007a,A,459.81,460.64,0.83,IS1007a.A.dialog-act.s9553330.50,,,,,,,,,False, Yeah.,1,minor,Fragment
IS1007a,B,460.95,461.37,0.42,IS1007a.B.dialog-act.s9553330.63,,,,,,,,,False, Yeah.,1,minor,Backchannel
IS1007a,C,461.76,464.848,3.088,IS1007a.C.dialog-act.s9553330.39,B,B,0.122,2.37,True,False,0.0,[],True, We can think about an interface with uh well,9,elicit,Elicit-Offer-Or-Suggestion
IS1007a,B,464.97,469.47,4.5,IS1007a.B.dialog-act.s9553330.64,B,C,0.0,0.122,True,False,0.0,[],True, Uh. We maybe you can have a speech uh recognition interface.,11,task,Suggest
IS1007a,B,469.47,474.53,5.06,IS1007a.B.dialog-act.s9553330.65,B,B,0.0,0.0,False,False,0.0,[],False, You just tell the television I want which channel.,9,task,Suggest
IS1007a,B,474.53,482.66,8.13,IS1007a.B.dialog-act.s9553330.66,B,B,0.0,0.0,False,False,0.0,[],False," Or or you can say for example, um I want uh to list all the programme tonight.",17,task,Suggest
IS1007a,A,474.71,475.641,0.931,IS1007a.A.dialog-act.s9553330.51,,,,,,,,,False, You won't,2,minor,Fragment
IS1007a,B,482.66,489.86,7.2,IS1007a.B.dialog-act.s9553330.67,B,B,0.0,0.0,False,False,0.0,[],False," Y you know, instead of uh remote control it's doing the some searching for you,",15,task,Suggest
IS1007a,B,489.86,491.7,1.84,IS1007a.B.dialog-act.s9553330.68,B,B,0.0,0.0,False,False,0.0,[],False, so you don't have to look for the channel you want.,11,task,Suggest
IS1007a,B,491.7,496.38,4.68,IS1007a.B.dialog-act.s9553330.69,B,B,1.14,0.0,False,False,0.0,[],False, Just say maybe I just want to press I wanna have a button for all the movies tonight.,18,task,Suggest
IS1007a,B,497.52,501.86,4.34,IS1007a.B.dialog-act.s9553330.70,B,B,0.0,1.14,False,False,0.0,[],False," Or a button for all the magazines, all the information documentary tonight.",12,task,Suggest
IS1007a,B,501.86,502.85,0.99,IS1007a.B.dialog-act.s9553330.71,B,B,0.0,0.0,False,False,0.0,[],False," And then you list a few,",6,task,Suggest
IS1007a,B,502.85,504.7,1.85,IS1007a.B.dialog-act.s9553330.72,B,B,0.0,0.0,False,False,0.0,[],False, and I will choose from the list.,7,task,Suggest
IS1007a,B,504.7,508.34,3.64,IS1007a.B.dialog-act.s9553330.73,B,B,0.0,0.0,False,False,0.0,[],False," So instead of pressing the channel number, I am choosing the programmes directly.",13,task,Suggest
IS1007a,C,508.32,508.81,0.49,IS1007a.C.dialog-act.s9553330.40,,,,,,,,,False," Yeah, yeah.",2,task,Assess
IS1007a,B,508.34,512.04,3.7,IS1007a.B.dialog-act.s9553330.74,A,B,-0.31,0.0,False,True,0.31,['IS1007a.A.dialog-act.s9553330.52'],False," Yeah, that's one way of uh making it useful.",9,task,Inform
IS1007a,A,511.73,518.17,6.44,IS1007a.A.dialog-act.s9553330.52,B,B,0.39,-0.31,True,False,0.0,[],False, I I think if we include a lot of technology on the remote control it will be very costly.,19,task,Inform
IS1007a,B,515.99,516.79,0.8,IS1007a.B.dialog-act.s9553330.75,,,,,,,,,False," No,",1,task,Assess
IS1007a,B,516.79,517.78,0.99,IS1007a.B.dialog-act.s9553330.76,,,,,,,,,False, because,1,minor,Fragment
IS1007a,B,517.78,518.56,0.78,IS1007a.B.dialog-act.s9553330.77,,,,,,,,,False," no,",1,task,Assess
IS1007a,B,518.56,519.53,0.97,IS1007a.B.dialog-act.s9553330.78,B,A,0.0,0.39,True,False,0.0,[],True, it's not very a lot.,5,task,Inform
IS1007a,A,519.04,519.847,0.807,IS1007a.A.dialog-act.s9553330.53,,,,,,,,,False, S,1,minor,Fragment
IS1007a,B,519.53,521.53,2.0,IS1007a.B.dialog-act.s9553330.79,A,B,1.8,0.0,False,False,0.0,[],False, Th this information exists.,4,task,Inform
IS1007a,B,521.53,523.687,2.157,IS1007a.B.dialog-act.s9553330.80,,,,,,,,,False, For example you can get um,6,minor,Fragment
IS1007a,A,523.33,526.68,3.35,IS1007a.A.dialog-act.s9553330.54,B,B,0.86,1.8,True,False,0.0,[],True, Like s uh you you you say we can use speech.,11,task,Inform
IS1007a,B,527.54,531.17,3.63,IS1007a.B.dialog-act.s9553330.81,B,A,0.0,0.86,True,False,0.0,[],True, You can use uh well for example anything.,8,task,Inform
IS1007a,B,531.17,537.9,6.73,IS1007a.B.dialog-act.s9553330.82,C,B,-0.96,0.0,False,True,0.96,['IS1007a.C.dialog-act.s9553330.42'],False," The the idea of using speech to reduce the button, but uh and it's more natural. Yeah.",17,task,Inform
IS1007a,C,535.88,536.136,0.256,IS1007a.C.dialog-act.s9553330.41,,,,,,,,,False, I,1,minor,Fragment
IS1007a,C,536.94,546.31,9.37,IS1007a.C.dialog-act.s9553330.42,D,B,-0.42,-0.96,True,True,0.42,['IS1007a.D.dialog-act.s9553330.27'],False, I think if you want t to choose uh from a list of programme or or something like that you you may have to to use uh w uh I dunno,31,task,Suggest
IS1007a,D,539.3,540.63,1.33,IS1007a.D.dialog-act.s9553330.26,,,,,,,,,False, I'm a okay.,3,minor,Fragment
IS1007a,B,540.53,542.04,1.51,IS1007a.B.dialog-act.s9553330.83,,,,,,,,,False, Yeah. Yeah.,2,minor,Backchannel
IS1007a,D,545.89,549.97,4.08,IS1007a.D.dialog-act.s9553330.27,D,C,0.0,-0.42,True,False,0.0,[],False, I mean the main uh function of remote control is to have something in the hand,16,task,Inform
IS1007a,D,549.97,553.16,3.19,IS1007a.D.dialog-act.s9553330.28,D,D,0.0,0.0,False,False,0.0,[],False, and we should be very careful about the size of the remote control.,13,task,Inform
IS1007a,A,550.02,550.83,0.81,IS1007a.A.dialog-act.s9553330.55,,,,,,,,,False, In the hand.,3,other,Comment-About-Understanding
IS1007a,A,553.07,553.68,0.61,IS1007a.A.dialog-act.s9553330.56,,,,,,,,,False, Yeah.,1,minor,Backchannel
IS1007a,B,553.09,553.45,0.36,IS1007a.B.dialog-act.s9553330.84,,,,,,,,,False, Yeah.,1,minor,Backchannel
IS1007a,C,553.14,553.67,0.53,IS1007a.C.dialog-act.s9553330.43,,,,,,,,,False, Yeah.,1,minor,Backchannel
IS1007a,D,553.16,561.94,8.78,IS1007a.D.dialog-act.s9553330.29,D,D,0.0,0.0,False,False,0.0,[],False," If we are going to add a speech interface, I'm not sure with trendy slim size of the remote control it would be able to put a speech recog",29,task,Inform
IS1007a,B,555.06,555.47,0.41,IS1007a.B.dialog-act.s9553330.85,,,,,,,,,False, Yeah.,1,minor,Backchannel
IS1007a,B,559.57,560.81,1.24,IS1007a.B.dialog-act.s9553330.86,,,,,,,,,False," Yes, possible.",2,task,Assess
IS1007a,D,561.94,567.12,5.18,IS1007a.D.dialog-act.s9553330.30,D,D,1.16,0.0,False,False,0.0,[],False, if you want to put a speech recognition system f interface for that I think the T_V_ itself could have it.,21,task,Suggest
IS1007a,B,567.21,568.704,1.494,IS1007a.B.dialog-act.s9553330.87,,,,,,,,,False, Yeah. But,2,minor,Backchannel
IS1007a,C,567.57,567.78,0.21,IS1007a.C.dialog-act.s9553330.44,,,,,,,,,False, Yeah.,1,minor,Backchannel
IS1007a,D,568.28,570.12,1.84,IS1007a.D.dialog-act.s9553330.31,A,D,-0.22,1.16,False,True,0.22,['IS1007a.A.dialog-act.s9553330.57'],False, And I could talk to the T_V_ television itself.,9,task,Inform
IS1007a,A,569.9,572.3,2.4,IS1007a.A.dialog-act.s9553330.57,D,D,0.63,-0.22,True,False,0.0,[],False, Except if if you are far from the T_V_.,9,task,Inform
IS1007a,D,570.12,571.024,0.904,IS1007a.D.dialog-act.s9553330.32,,,,,,,,,False, I need not have an,5,minor,Fragment
IS1007a,B,572.41,574.305,1.895,IS1007a.B.dialog-act.s9553330.88,,,,,,,,,False, Yeah.,1,minor,Backchannel
IS1007a,C,572.807,574.311,1.504,IS1007a.C.dialog-act.s9553330.45,,,,,,,,,False,,0,minor,Fragment
IS1007a,D,572.93,576.287,3.357,IS1007a.D.dialog-act.s9553330.33,B,A,-0.167,0.63,True,True,0.167,['IS1007a.B.dialog-act.s9553330.90'],True," I mean we have some or something, different technology but",10,task,Suggest
IS1007a,A,573.58,577.364,3.784,IS1007a.A.dialog-act.s9553330.58,,,,,,,,,False, This is it's,3,minor,Fragment
IS1007a,B,574.87,576.12,1.25,IS1007a.B.dialog-act.s9553330.89,,,,,,,,,False," Yeah, yeah.",2,minor,Backchannel
IS1007a,B,576.12,592.35,16.23,IS1007a.B.dialog-act.s9553330.90,C,D,-0.31,-0.167,True,True,0.31,['IS1007a.C.dialog-act.s9553330.47'],False," But th the main idea I wanted to s I wanted to say is that um there should be a function, instead of choosing the ch T_V_ channel, there's a option you can choose, either T_V_ channels or or pr or the or the contain or the contents of the programme.",51,task,Suggest
IS1007a,C,588.32,589.18,0.86,IS1007a.C.dialog-act.s9553330.46,,,,,,,,,False, On the content.,3,task,Suggest
IS1007a,D,589.96,590.83,0.87,IS1007a.D.dialog-act.s9553330.34,,,,,,,,,False," Mm-hmm, yeah.",2,minor,Backchannel
IS1007a,C,592.04,594.07,2.03,IS1007a.C.dialog-act.s9553330.47,B,B,-1.72,-0.31,True,True,1.31,['IS1007a.B.dialog-act.s9553330.91'],False," Yeah, yeah it's it's a good idea it's a good idea",11,task,Assess
IS1007a,B,592.35,593.66,1.31,IS1007a.B.dialog-act.s9553330.91,C,C,0.41,-1.72,True,False,0.0,[],False, So it's more powerful.,4,task,Assess
IS1007a,A,592.7,593.04,0.34,IS1007a.A.dialog-act.s9553330.59,,,,,,,,,False, Mm-hmm.,1,minor,Backchannel
IS1007a,C,594.07,604.602,10.532,IS1007a.C.dialog-act.s9553330.48,B,B,-1.192,0.41,True,True,1.192,['IS1007a.B.dialog-act.s9553330.95'],True, but I I think that technically it would be um a little bit uh uh more tricky to to achieve this than just to,24,task,Assess
IS1007a,B,594.29,594.59,0.3,IS1007a.B.dialog-act.s9553330.92,,,,,,,,,False, Yeah.,1,minor,Backchannel
IS1007a,B,599.71,600.04,0.33,IS1007a.B.dialog-act.s9553330.93,,,,,,,,,False, No.,1,task,Assess
IS1007a,B,603.04,603.41,0.37,IS1007a.B.dialog-act.s9553330.94,,,,,,,,,False," No,",1,task,Assess
IS1007a,B,603.41,607.59,4.18,IS1007a.B.dialog-act.s9553330.95,B,C,0.0,-1.192,True,False,0.0,[],False, because you see now all the T_V_ programmes are available on the webs.,13,task,Inform
IS1007a,B,607.59,611.53,3.94,IS1007a.B.dialog-act.s9553330.96,B,B,0.69,0.0,False,False,0.0,[],False, They they are they are they are available in X_M_L_ format or whatever the format.,15,task,Inform
IS1007a,B,611.53,612.22,0.69,IS1007a.B.dialog-act.s9553330.97,,,,,,,,,False, We don't care.,3,task,Inform
IS1007a,B,612.22,614.43,2.21,IS1007a.B.dialog-act.s9553330.98,B,B,0.0,0.69,False,False,0.0,[],False, We just say that this are some content.,8,task,Inform
IS1007a,B,614.43,616.22,1.79,IS1007a.B.dialog-act.s9553330.99,B,B,0.0,0.0,False,False,0.0,[],False, We just want to retrieve the content,7,task,Suggest
IS1007a,B,616.22,620.13,3.91,IS1007a.B.dialog-act.s9553330.100,B,B,0.0,0.0,False,False,0.0,[],False, and then classi sort them by the types of programmes.,10,task,Suggest
IS1007a,B,620.13,622.4,2.27,IS1007a.B.dialog-act.s9553330.101,B,B,0.0,0.0,False,False,0.0,[],False," Some of the websites they already provide this service,",9,task,Inform
IS1007a,C,620.22,620.9,0.68,IS1007a.C.dialog-act.s9553330.49,,,,,,,,,False, Yeah yeah.,2,minor,Backchannel
IS1007a,B,622.4,625.18,2.78,IS1007a.B.dialog-act.s9553330.102,B,B,0.0,0.0,False,False,0.0,[],False, so we can just use the service available.,8,task,Suggest
IS1007a,B,625.18,629.6,4.42,IS1007a.B.dialog-act.s9553330.103,B,B,0.0,0.0,False,False,0.0,[],False, Download it uh to the to this remote control.,9,task,Suggest
IS1007a,B,629.6,634.0,4.4,IS1007a.B.dialog-act.s9553330.104,B,B,0.0,0.0,False,False,0.0,[],False," And then there's there are only six buttons for six categories, or sev seven.",14,task,Suggest
IS1007a,A,630.0,630.46,0.46,IS1007a.A.dialog-act.s9553330.60,,,,,,,,,False, Mm.,1,minor,Backchannel
IS1007a,B,634.0,636.05,2.05,IS1007a.B.dialog-act.s9553330.105,B,B,0.0,0.0,False,False,0.0,[],False, The most there are only seven buttons.,7,task,Suggest
IS1007a,B,636.05,637.62,1.57,IS1007a.B.dialog-act.s9553330.106,B,B,0.0,0.0,False,False,0.0,[],False, So I just choose the category one,7,task,Suggest
IS1007a,B,637.62,645.14,7.52,IS1007a.B.dialog-act.s9553330.107,B,B,0.0,0.0,False,False,0.0,[],False," and you reuse the same button, for example to to choose among the the sorted list the programme you want,",20,task,Suggest
IS1007a,B,645.14,650.11,4.97,IS1007a.B.dialog-act.s9553330.108,B,B,0.0,0.0,False,False,0.0,[],False," so you don't have to choose among hundred channels, if you have hundred channels,",14,task,Suggest
IS1007a,B,650.11,652.2,2.09,IS1007a.B.dialog-act.s9553330.109,A,B,0.01,0.0,False,False,0.0,[],False," you just have six buttons, seven buttons.",7,task,Suggest
IS1007a,A,652.21,656.23,4.02,IS1007a.A.dialog-act.s9553330.61,C,B,-0.95,0.01,True,True,0.95,['IS1007a.C.dialog-act.s9553330.50'],True, Yeah we should also optimise the the number of buttons.,10,task,Suggest
IS1007a,C,655.28,672.992,17.712,IS1007a.C.dialog-act.s9553330.50,A,A,-16.142,-0.95,True,True,1.67,"['IS1007a.A.dialog-act.s9553330.62', 'IS1007a.B.dialog-act.s9553330.115']",False," Well I I I I think that j just by using navigation buttons and the user interface on the screen we are able to uh navigate uh through the Well channel programme or contents or in an easy way, so",40,task,Suggest
IS1007a,B,655.38,657.03,1.65,IS1007a.B.dialog-act.s9553330.110,,,,,,,,,False," Yeah, yeah.",2,minor,Backchannel
IS1007a,A,656.85,658.52,1.67,IS1007a.A.dialog-act.s9553330.62,B,C,13.28,-16.142,True,False,0.0,[],False, This is good idea.,4,task,Assess
IS1007a,B,661.99,662.33,0.34,IS1007a.B.dialog-act.s9553330.111,,,,,,,,,False, Yeah.,1,minor,Backchannel
IS1007a,B,666.6,667.29,0.69,IS1007a.B.dialog-act.s9553330.112,,,,,,,,,False," Ah, yes.",2,task,Assess
IS1007a,B,667.29,668.24,0.95,IS1007a.B.dialog-act.s9553330.113,,,,,,,,,False, So.,1,minor,Fragment
IS1007a,B,669.91,670.19,0.28,IS1007a.B.dialog-act.s9553330.114,,,,,,,,,False, Yeah.,1,minor,Backchannel
IS1007a,B,671.8,673.38,1.58,IS1007a.B.dialog-act.s9553330.115,B,A,0.0,13.28,True,False,0.0,[],True," Yeah, so you don't have to display here,",8,task,Inform
IS1007a,B,673.38,675.44,2.06,IS1007a.B.dialog-act.s9553330.116,C,B,-0.82,0.0,False,True,0.82,['IS1007a.C.dialog-act.s9553330.51'],False," just display on the T_V_ screen, right?",7,task,Inform
IS1007a,C,674.62,677.17,2.55,IS1007a.C.dialog-act.s9553330.51,C,B,0.0,-0.82,True,False,0.0,[],False, Yeah in the dis display on the T_V_ screen,9,task,Inform
IS1007a,B,675.44,676.56,1.12,IS1007a.B.dialog-act.s9553330.117,,,,,,,,,False, Good idea.,2,task,Assess
IS1007a,C,677.17,681.87,4.7,IS1007a.C.dialog-act.s9553330.52,B,C,0.21,0.0,False,False,0.0,[],False, and just uh with the with your remote control would just navigate through the f,15,task,Inform
IS1007a,B,677.57,677.98,0.41,IS1007a.B.dialog-act.s9553330.118,,,,,,,,,False, Okay.,1,minor,Backchannel
IS1007a,B,682.08,685.65,3.57,IS1007a.B.dialog-act.s9553330.119,B,C,0.0,0.21,True,False,0.0,[],True, I think I think that will be revol revolutionary.,9,task,Assess
IS1007a,A,684.747,686.167,1.42,IS1007a.A.dialog-act.s9553330.63,,,,,,,,,False,,0,minor,Fragment
IS1007a,C,684.831,685.856,1.025,IS1007a.C.dialog-act.s9553330.53,,,,,,,,,False,,0,minor,Fragment
IS1007a,B,685.65,691.0,5.35,IS1007a.B.dialog-act.s9553330.120,B,B,0.0,0.0,False,False,0.0,[],False," Because all the T_V_ uh the the remote control have all numbers, lots of buttons",15,task,Inform
IS1007a,B,691.0,694.86,3.86,IS1007a.B.dialog-act.s9553330.121,C,B,2.52,0.0,False,False,0.0,[],False, and then you dunno what to choose in the end.,10,task,Inform
IS1007a,C,694.55,696.581,2.031,IS1007a.C.dialog-act.s9553330.54,,,,,,,,,False," Yeah, yeah. So",3,minor,Stall
IS1007a,B,694.86,697.2,2.34,IS1007a.B.dialog-act.s9553330.122,,,,,,,,,False, Yeah. Alright.,2,minor,Backchannel
IS1007a,C,697.38,710.78,13.4,IS1007a.C.dialog-act.s9553330.55,A,B,0.35,2.52,True,False,0.0,[],True, I think for for the technical points we have to to to check how to gather the data from programme or contents and all this stuff,26,task,Inform
IS1007a,B,710.28,710.68,0.4,IS1007a.B.dialog-act.s9553330.123,,,,,,,,,False, Okay.,1,task,Assess
IS1007a,A,711.13,713.219,2.089,IS1007a.A.dialog-act.s9553330.64,B,C,-0.299,0.35,True,True,0.299,['IS1007a.B.dialog-act.s9553330.124'],True, So we have five minutes to,6,task,Inform
IS1007a,B,712.92,717.29,4.37,IS1007a.B.dialog-act.s9553330.124,D,A,1.51,-0.299,True,False,0.0,[],False, Ah w w we have sometimes to use the white-board.,10,task,Inform
IS1007a,A,716.18,720.34,4.16,IS1007a.A.dialog-act.s9553330.65,,,,,,,,,False," Ah you can y you can you can use it if you so, can we",15,minor,Fragment
IS1007a,C,716.304,718.88,2.576,IS1007a.C.dialog-act.s9553330.56,,,,,,,,,False,,0,minor,Fragment
IS1007a,B,717.29,718.65,1.36,IS1007a.B.dialog-act.s9553330.125,,,,,,,,,False, Five minutes.,2,task,Inform
IS1007a,D,718.8,725.168,6.368,IS1007a.D.dialog-act.s9553330.35,D,B,1.522,1.51,True,False,0.0,[],True, And another interesting idea for this would be to have an light adaptation system depending upon the picture of,19,task,Suggest
IS1007a,B,723.55,724.04,0.49,IS1007a.B.dialog-act.s9553330.126,,,,,,,,,False, Okay.,1,minor,Backchannel
IS1007a,B,725.78,726.26,0.48,IS1007a.B.dialog-act.s9553330.127,,,,,,,,,False, Okay.,1,minor,Backchannel
IS1007a,D,726.69,734.36,7.67,IS1007a.D.dialog-act.s9553330.36,D,D,0.0,1.522,False,False,0.0,[],False," So, I mean, if you're watching a movie and suddenly there is a dark uh some dark scene, the lights adapt themself.",22,task,Suggest
IS1007a,B,730.6,730.88,0.28,IS1007a.B.dialog-act.s9553330.128,,,,,,,,,False, Yeah.,1,minor,Backchannel
IS1007a,B,732.8,732.94,0.14,IS1007a.B.dialog-act.s9553330.129,,,,,,,,,False, Yeah.,1,minor,Backchannel
IS1007a,A,733.15,733.32,0.17,IS1007a.A.dialog-act.s9553330.66,,,,,,,,,False, S,1,minor,Fragment
IS1007a,D,734.36,736.14,1.78,IS1007a.D.dialog-act.s9553330.37,B,D,0.01,0.0,False,False,0.0,[],False, The lighting in the room changes.,6,task,Suggest
IS1007a,C,735.302,737.395,2.093,IS1007a.C.dialog-act.s9553330.57,,,,,,,,,False,,0,minor,Fragment
IS1007a,B,736.15,738.72,2.57,IS1007a.B.dialog-act.s9553330.130,D,D,-0.09,0.01,True,True,0.09,['IS1007a.D.dialog-act.s9553330.38'],True," Yeah, but we are designing just remote control.",8,task,Inform
IS1007a,A,737.15,740.22,3.07,IS1007a.A.dialog-act.s9553330.67,,,,,,,,,False, You it.,2,minor,Fragment
IS1007a,D,738.63,740.54,1.91,IS1007a.D.dialog-act.s9553330.38,D,B,0.0,-0.09,True,False,0.0,[],False," I mean, we have a option in the remote control.",10,task,Suggest
IS1007a,D,740.54,744.27,3.73,IS1007a.D.dialog-act.s9553330.39,B,D,0.01,0.0,False,False,0.0,[],False," If we want to have that option, you press that button in the remote.",14,task,Suggest
IS1007a,B,742.55,743.13,0.58,IS1007a.B.dialog-act.s9553330.131,,,,,,,,,False, Okay.,1,other,Comment-About-Understanding
IS1007a,C,743.12,744.992,1.872,IS1007a.C.dialog-act.s9553330.58,,,,,,,,,False, Oh right so,3,other,Comment-About-Understanding
IS1007a,B,744.28,747.95,3.67,IS1007a.B.dialog-act.s9553330.132,B,D,0.0,0.01,True,False,0.0,[],True," Okay, do you want to have a conceptual remote control there,",11,task,Suggest
IS1007a,B,747.95,754.41,6.46,IS1007a.B.dialog-act.s9553330.133,A,B,-4.98,0.0,False,True,4.16,"['IS1007a.A.dialog-act.s9553330.69', 'IS1007a.C.dialog-act.s9553330.61']",False, or you just want to put the function in?,9,task,Suggest
IS1007a,A,748.72,749.43,0.71,IS1007a.A.dialog-act.s9553330.68,,,,,,,,,False, Yeah.,1,task,Assess
IS1007a,A,749.43,753.59,4.16,IS1007a.A.dialog-act.s9553330.69,C,B,-2.758,-4.98,True,True,2.741,['IS1007a.C.dialog-act.s9553330.61'],False, If if you you you can if you want you can use th the.,14,elicit,Elicit-Offer-Or-Suggestion
IS1007a,C,750.832,753.573,2.741,IS1007a.C.dialog-act.s9553330.61,B,A,0.837,-2.758,True,False,0.0,[],False," Please, Norman, draw uh",4,elicit,Elicit-Offer-Or-Suggestion
IS1007a,B,754.41,755.36,0.95,IS1007a.B.dialog-act.s9553330.134,D,C,5.98,0.837,True,False,0.0,[],True," Go on, draw something.",4,other,Offer
IS1007a,B,756.832,758.768,1.936,IS1007a.B.dialog-act.s9553330.135,,,,,,,,,False,,0,minor,Fragment
IS1007a,D,761.34,763.22,1.88,IS1007a.D.dialog-act.s9553330.40,B,B,6.06,5.98,True,False,0.0,[],True," Oh, I'm afraid you forgot to put your lapel.",9,task,Inform
IS1007a,B,761.51,761.93,0.42,IS1007a.B.dialog-act.s9553330.136,,,,,,,,,False, Mm.,1,minor,Backchannel
IS1007a,B,764.15,764.64,0.49,IS1007a.B.dialog-act.s9553330.137,,,,,,,,,False, Where is it?,3,elicit,Elicit-Inform
IS1007a,D,764.95,765.48,0.53,IS1007a.D.dialog-act.s9553330.41,,,,,,,,,False, The lapel.,2,task,Inform
IS1007a,A,765.68,770.28,4.6,IS1007a.A.dialog-act.s9553330.70,,,,,,,,,False, Or before the before the the design that says.,9,minor,Fragment
IS1007a,B,766.0,766.62,0.62,IS1007a.B.dialog-act.s9553330.138,,,,,,,,,False," Ah, okay.",2,minor,Backchannel
IS1007a,C,766.825,768.91,2.085,IS1007a.C.dialog-act.s9553330.62,,,,,,,,,False,,0,minor,Fragment
IS1007a,B,769.28,770.23,0.95,IS1007a.B.dialog-act.s9553330.139,A,D,6.05,6.06,True,False,0.0,[],True, Where where is it?,4,elicit,Elicit-Inform
IS1007a,B,770.23,770.49,0.26,IS1007a.B.dialog-act.s9553330.140,,,,,,,,,False, Here.,1,task,Suggest
IS1007a,D,770.64,771.28,0.64,IS1007a.D.dialog-act.s9553330.42,,,,,,,,,False," Yeah, that one.",3,task,Assess
IS1007a,D,774.37,775.35,0.98,IS1007a.D.dialog-act.s9553330.43,,,,,,,,,False, Just plug it.,3,other,Unlabelled
IS1007a,A,774.66,775.11,0.45,IS1007a.A.dialog-act.s9553330.71,,,,,,,,,False, Norman.,1,elicit,Elicit-Inform
IS1007a,D,775.35,776.06,0.71,IS1007a.D.dialog-act.s9553330.44,,,,,,,,,False," Yeah, that's right.",3,task,Assess
IS1007a,B,775.71,775.89,0.18,IS1007a.B.dialog-act.s9553330.141,,,,,,,,,False, Mm.,1,task,Inform
IS1007a,A,776.28,779.87,3.59,IS1007a.A.dialog-act.s9553330.72,A,B,0.0,6.05,True,False,0.0,[],True, Be before before writing you can uh sit,8,task,Inform
IS1007a,B,779.43,779.65,0.22,IS1007a.B.dialog-act.s9553330.142,,,,,,,,,False, Mm.,1,minor,Backchannel
IS1007a,A,779.87,783.11,3.24,IS1007a.A.dialog-act.s9553330.73,A,A,0.0,0.0,False,False,0.0,[],False, and that says what we what we said,8,task,Inform
IS1007a,A,783.11,786.56,3.45,IS1007a.A.dialog-act.s9553330.74,B,A,2.47,0.0,False,False,0.0,[],False, then after that you can you can use the. Yeah.,10,task,Inform
IS1007a,B,784.72,785.82,1.1,IS1007a.B.dialog-act.s9553330.143,,,,,,,,,False," Okay, alright.",2,other,Comment-About-Understanding
IS1007a,B,785.82,789.03,3.21,IS1007a.B.dialog-act.s9553330.144,,,,,,,,,False, So so the most functional des mm,7,minor,Fragment
IS1007a,B,789.03,794.56,5.53,IS1007a.B.dialog-act.s9553330.145,B,A,0.0,2.47,True,False,0.0,[],True, the most important function is to ch choo buttons to choose the content. Right?,14,task,Inform
IS1007a,B,794.56,796.37,1.81,IS1007a.B.dialog-act.s9553330.146,B,B,0.0,0.0,False,False,0.0,[],False," We agree on that, right?",5,elicit,Elicit-Assessment
IS1007a,C,795.84,796.27,0.43,IS1007a.C.dialog-act.s9553330.63,,,,,,,,,False, Okay.,1,task,Assess
IS1007a,B,796.37,820.28,23.91,IS1007a.B.dialog-act.s9553330.147,B,B,0.0,0.0,False,False,0.0,[],False," Uh, uh first one is to uh buttons i or it could be anything with buttons. Uh to choose uh content s or channels.",24,task,Inform
IS1007a,A,796.4,797.02,0.62,IS1007a.A.dialog-act.s9553330.75,,,,,,,,,False, Okay.,1,task,Assess
IS1007a,A,807.16,807.39,0.23,IS1007a.A.dialog-act.s9553330.76,,,,,,,,,False, Yeah.,1,minor,Backchannel
IS1007a,B,820.28,821.37,1.09,IS1007a.B.dialog-act.s9553330.148,B,B,0.0,0.0,False,False,0.0,[],False, So we have both.,4,task,Inform
IS1007a,B,821.37,824.43,3.06,IS1007a.B.dialog-act.s9553330.149,C,B,-0.27,0.0,False,True,0.27,['IS1007a.C.dialog-act.s9553330.64'],False," The user can choose w which one they want, right?",10,task,Inform
IS1007a,C,824.16,826.02,1.86,IS1007a.C.dialog-act.s9553330.64,C,B,0.0,-0.27,True,False,0.0,[],False," Yeah, by content or by channel,",6,task,Assess
IS1007a,C,826.02,827.39,1.37,IS1007a.C.dialog-act.s9553330.65,B,C,-1.21,0.0,False,True,1.21,['IS1007a.B.dialog-act.s9553330.150'],False, it's a good idea.,4,task,Assess
IS1007a,B,826.18,829.31,3.13,IS1007a.B.dialog-act.s9553330.150,B,C,0.0,-1.21,True,False,0.0,[],False, By content or by channel.,5,task,Inform
IS1007a,B,829.31,833.28,3.97,IS1007a.B.dialog-act.s9553330.151,B,B,2.56,0.0,False,False,0.0,[],False, Choose by contents or by channels.,6,task,Inform
IS1007a,B,835.84,839.67,3.83,IS1007a.B.dialog-act.s9553330.152,C,B,0.43,2.56,False,False,0.0,[],False, And then what did we say just now? Other than this.,11,elicit,Elicit-Inform
IS1007a,C,840.1,844.35,4.25,IS1007a.C.dialog-act.s9553330.66,B,B,0.31,0.43,True,False,0.0,[],True, And uh we we have to find a way how to gather information about the contents.,16,task,Inform
IS1007a,A,840.36,840.95,0.59,IS1007a.A.dialog-act.s9553330.77,,,,,,,,,False, Mm.,1,minor,Backchannel
IS1007a,B,843.83,844.66,0.83,IS1007a.B.dialog-act.s9553330.153,,,,,,,,,False," Okay,",1,task,Assess
IS1007a,B,844.66,852.96,8.3,IS1007a.B.dialog-act.s9553330.154,C,C,2.17,0.31,True,False,0.0,[],True, so technically how the problems that how to do it is to how to get the content.,17,task,Inform
IS1007a,C,850.035,850.732,0.697,IS1007a.C.dialog-act.s9553330.68,,,,,,,,,False,,0,minor,Fragment
IS1007a,C,853.22,853.42,0.2,IS1007a.C.dialog-act.s9553330.67,,,,,,,,,False, Yeah.,1,task,Assess
IS1007a,B,855.1,855.68,0.58,IS1007a.B.dialog-act.s9553330.155,,,,,,,,,False, Challenge.,1,task,Assess
IS1007a,C,855.13,858.3,3.17,IS1007a.C.dialog-act.s9553330.69,C,B,0.0,2.17,True,False,0.0,[],True, I think i it's not very difficult to to browse by channel,12,task,Assess
IS1007a,C,858.3,861.44,3.14,IS1007a.C.dialog-act.s9553330.70,B,C,7.24,0.0,False,False,0.0,[],False, but it's a little bit tricky to browse by contents so,11,task,Assess
IS1007a,B,861.48,864.32,2.84,IS1007a.B.dialog-act.s9553330.156,,,,,,,,,False, Okay.,1,minor,Stall
IS1007a,B,864.32,867.76,3.44,IS1007a.B.dialog-act.s9553330.157,,,,,,,,,False, Content.,1,other,Other
IS1007a,B,867.76,868.68,0.92,IS1007a.B.dialog-act.s9553330.158,,,,,,,,,False," Okay,",1,minor,Stall
IS1007a,B,868.68,870.15,1.47,IS1007a.B.dialog-act.s9553330.159,B,C,0.0,7.24,True,False,0.0,[],True, so these we have to work it out.,8,task,Inform
IS1007a,B,870.15,872.51,2.36,IS1007a.B.dialog-act.s9553330.160,C,B,1.55,0.0,False,False,0.0,[],False, So this one of the problem.,6,task,Inform
IS1007a,B,872.51,874.256,1.746,IS1007a.B.dialog-act.s9553330.161,,,,,,,,,False, And uh,2,minor,Fragment
IS1007a,C,874.06,876.21,2.15,IS1007a.C.dialog-act.s9553330.71,C,B,0.0,1.55,True,False,0.0,[],True, I think that's the the things to do,8,task,Inform
IS1007a,B,875.33,875.9,0.57,IS1007a.B.dialog-act.s9553330.162,,,,,,,,,False, The main thing.,3,minor,Fragment
IS1007a,C,876.21,880.2,3.99,IS1007a.C.dialog-act.s9553330.72,C,C,0.0,0.0,False,False,0.0,[],False, and uh to uh reflect about it,7,task,Suggest
IS1007a,B,877.73,879.36,1.63,IS1007a.B.dialog-act.s9553330.163,,,,,,,,,False, Okay. Alright.,2,minor,Stall
IS1007a,C,880.2,882.69,2.49,IS1007a.C.dialog-act.s9553330.73,B,C,0.75,0.0,False,False,0.0,[],False, and uh discuss it in the next meeting.,8,task,Suggest
IS1007a,B,880.63,881.25,0.62,IS1007a.B.dialog-act.s9553330.164,,,,,,,,,False," Alright, okay.",2,minor,Stall
IS1007a,B,881.25,881.81,0.56,IS1007a.B.dialog-act.s9553330.165,,,,,,,,,False, So we are,3,minor,Fragment
IS1007a,B,881.81,883.44,1.63,IS1007a.B.dialog-act.s9553330.166,,,,,,,,,False, we'll discuss it,3,other,Offer
IS1007a,B,883.44,885.28,1.84,IS1007a.B.dialog-act.s9553330.167,B,C,0.0,0.75,True,False,0.0,[],True," we will get some information in the next meeting,",9,other,Offer
IS1007a,B,885.28,891.21,5.93,IS1007a.B.dialog-act.s9553330.168,B,B,0.0,0.0,False,False,0.0,[],False, so for now we get uh the funct this is the functional designer?,13,task,Inform
IS1007a,B,891.21,893.75,2.54,IS1007a.B.dialog-act.s9553330.169,B,B,2.13,0.0,False,False,0.0,[],False, That's the first aspect.,4,task,Inform
IS1007a,B,893.75,894.17,0.42,IS1007a.B.dialog-act.s9553330.170,,,,,,,,,False, Right.,1,minor,Stall
IS1007a,B,895.88,897.74,1.86,IS1007a.B.dialog-act.s9553330.171,B,B,0.0,2.13,False,False,0.0,[],False, We will get information,4,task,Inform
IS1007a,B,897.74,898.96,1.22,IS1007a.B.dialog-act.s9553330.172,A,B,6.77,0.0,False,False,0.0,[],False, and then we'll come back in.,6,task,Inform
IS1007a,C,900.02,900.45,0.43,IS1007a.C.dialog-act.s9553330.74,,,,,,,,,False, Okay.,1,minor,Stall
IS1007a,B,900.112,900.672,0.56,IS1007a.B.dialog-act.s9553330.173,,,,,,,,,False,.,0,minor,Fragment
IS1007a,C,901.65,906.182,4.532,IS1007a.C.dialog-act.s9553330.75,,,,,,,,,False, Thank you everybody.,3,other,Be-Positive
IS1007a,A,903.97,905.73,1.76,IS1007a.A.dialog-act.s9553330.78,,,,,,,,,False, Okay.,1,minor,Stall
IS1007a,B,904.15,905.62,1.47,IS1007a.B.dialog-act.s9553330.174,,,,,,,,,False," Yeah, we'll come.",3,task,Inform
IS1007a,A,905.73,909.63,3.9,IS1007a.A.dialog-act.s9553330.79,A,B,1.4,6.77,True,False,0.0,[],True, So maybe we'll meet in maybe five minutes?,8,task,Suggest
IS1007a,A,911.03,914.9,3.87,IS1007a.A.dialog-act.s9553330.80,A,A,1.87,1.4,False,False,0.0,[],False, And we'll discuss the other other aspects.,7,task,Suggest
IS1007a,B,911.12,911.51,0.39,IS1007a.B.dialog-act.s9553330.175,,,,,,,,,False, Alright.,1,task,Assess
IS1007a,B,912.87,913.72,0.85,IS1007a.B.dialog-act.s9553330.176,,,,,,,,,False," Alright, okay.",2,task,Assess
IS1007a,C,915.7,920.5,4.8,IS1007a.C.dialog-act.s9553330.76,,,,,,,,,False, Okay.,1,minor,Backchannel
IS1007a,B,916.39,916.89,0.5,IS1007a.B.dialog-act.s9553330.177,,,,,,,,,False," Thank you,",2,other,Be-Positive
IS1007a,A,916.77,921.67,4.9,IS1007a.A.dialog-act.s9553330.81,,A,,1.87,False,False,0.0,[],False, Okay. Well thank you all.,5,other,Be-Positive
IS1007a,B,916.89,918.45,1.56,IS1007a.B.dialog-act.s9553330.178,,,,,,,,,False, mis,1,minor,Fragment
